timestamp,v1,v2,v3,t1,t2,t3,site_id, sensor_pack_id
2023-01-01 00:00:00+00:00,3100.0,3082.2843822843824,3299.5337995337995,20.2031302031302,24.848484848484848,27.77888777888778,100,200
2023-01-01 00:00:15+00:00,3110.4312354312356,3128.0885780885783,3291.095571095571,21.198801198801196,25.045510045510046,27.12953712953713,100,200
2023-01-01 00:00:30+00:00,3120.862470862471,3173.892773892774,3282.6573426573427,22.19447219447219,25.242535242535244,26.48018648018648,100,200
2023-01-01 00:00:45+00:00,3131.2937062937062,3219.6969696969695,3274.219114219114,23.19014319014319,25.439560439560438,25.83083583083583,100,200
2023-01-01 00:01:00+00:00,3141.724941724942,3265.5011655011654,3265.780885780886,24.185814185814184,25.636585636585636,25.181485181485183,100,200
2023-01-01 00:01:15+00:00,3152.1561771561774,3247.5857475857474,3257.3426573426573,25.18148518148518,25.833610833610834,24.53213453213453,100,200
2023-01-01 00:01:30+00:00,3162.5874125874125,3229.6703296703295,3248.904428904429,24.97058497058497,26.030636030636032,23.882783882783883,100,200
2023-01-01 00:01:45+00:00,3173.018648018648,3211.7549117549115,3240.4662004662005,24.759684759684756,25.968793111650257,24.194593285502375,100,200
2023-01-01 00:02:00+00:00,3183.4498834498836,3193.839493839494,3232.0279720279723,24.548784548784546,25.90695019266448,24.50640268822087,100,200
2023-01-01 00:02:15+00:00,3179.3162393162393,3175.924075924076,3223.5897435897436,24.337884337884336,25.845107273678703,24.81821209093936,100,200
2023-01-01 00:02:30+00:00,3175.1825951825954,3158.008658008658,3215.151515151515,24.126984126984127,25.78326435469293,25.130021493657857,100,200
2023-01-01 00:02:45+00:00,3171.048951048951,3140.09324009324,3206.713286713287,23.916083916083913,25.72142143570715,25.44183089637635,100,200
2023-01-01 00:03:00+00:00,3166.915306915307,3139.2773892773894,3198.275058275058,23.705183705183703,25.659578516721375,25.753640299094844,100,200
2023-01-01 00:03:15+00:00,3162.781662781663,3138.4615384615386,3189.83682983683,23.494283494283493,25.5977355977356,26.065449701813336,100,200
2023-01-01 00:03:30+00:00,3158.6480186480185,3137.6456876456878,3181.3986013986014,23.283383283383284,25.53589267874982,26.37725910453183,100,200
2023-01-01 00:03:45+00:00,3154.5143745143746,3136.829836829837,3172.960372960373,23.07248307248307,25.474049759764046,26.689068507250322,100,200
2023-01-01 00:04:00+00:00,3150.3807303807303,3136.013986013986,3164.5221445221446,22.86158286158286,25.412206840778268,27.000877909968814,100,200
2023-01-01 00:04:15+00:00,3146.2470862470864,3135.1981351981353,3156.0839160839164,22.65068265068265,25.350363921792493,27.31268731268731,100,200
2023-01-01 00:04:30+00:00,3142.113442113442,3134.3822843822845,3147.6456876456878,22.43978243978244,25.288521002806718,26.846486846486844,100,200
2023-01-01 00:04:45+00:00,3137.9797979797977,3133.5664335664337,3139.2074592074596,22.228882228882227,25.22667808382094,26.38028638028638,100,200
2023-01-01 00:05:00+00:00,3133.846153846154,3132.750582750583,3130.769230769231,22.017982017982018,25.164835164835164,25.914085914085913,100,200
2023-01-01 00:05:15+00:00,3129.7125097125095,3131.934731934732,3150.2331002331002,22.055444555444556,25.088985088985087,25.447885447885444,100,200
2023-01-01 00:05:30+00:00,3125.5788655788656,3131.1188811188813,3169.69696969697,22.092907092907094,25.013135013135013,24.981684981684978,100,200
2023-01-01 00:05:45+00:00,3121.4452214452213,3130.3030303030305,3189.1608391608393,22.130369630369632,24.937284937284936,24.515484515484513,100,200
2023-01-01 00:06:00+00:00,3128.541828541828,3139.82683982684,3208.6247086247085,22.167832167832167,24.86143486143486,24.049284049284047,100,200
2023-01-01 00:06:15+00:00,3135.6384356384356,3149.3506493506493,3228.0885780885783,22.205294705294705,24.785584785584785,24.227439227439227,100,200
2023-01-01 00:06:30+00:00,3142.7350427350425,3158.874458874459,3247.5524475524476,22.242757242757243,24.709734709734708,24.405594405594403,100,200
2023-01-01 00:06:45+00:00,3149.83164983165,3168.3982683982686,3267.0163170163173,22.28021978021978,24.63388463388463,24.583749583749583,100,200
2023-01-01 00:07:00+00:00,3156.928256928257,3177.922077922078,3286.4801864801866,22.31768231768232,24.558034558034556,24.76190476190476,100,200
2023-01-01 00:07:15+00:00,3164.024864024864,3187.4458874458874,3282.453909726637,22.420912420912423,24.48218448218448,24.94005994005994,100,200
2023-01-01 00:07:30+00:00,3171.121471121471,3196.969696969697,3278.427632973088,22.524142524142526,24.547119547119543,25.11821511821512,100,200
2023-01-01 00:07:45+00:00,3178.2180782180785,3186.7715617715617,3274.4013562195382,22.627372627372626,24.61205461205461,25.296370296370295,100,200
2023-01-01 00:08:00+00:00,3185.3146853146854,3176.5734265734263,3270.3750794659886,22.73060273060273,24.676989676989674,25.474525474525475,100,200
2023-01-01 00:08:15+00:00,3170.995670995671,3166.3752913752915,3266.348802712439,22.833832833832833,24.74192474192474,25.65268065268065,100,200
2023-01-01 00:08:30+00:00,3156.676656676657,3156.177156177156,3262.32252595889,22.54245754245754,24.806859806859805,25.83083583083583,100,200
2023-01-01 00:08:45+00:00,3142.3576423576424,3145.979020979021,3258.2962492053402,22.25108225108225,24.87179487179487,26.806526806526804,100,200
2023-01-01 00:09:00+00:00,3128.0386280386283,3135.780885780886,3254.2699724517906,21.959706959706956,24.936729936729936,27.78221778221778,100,200
2023-01-01 00:09:15+00:00,3113.719613719614,3125.5827505827506,3250.243695698241,21.668331668331668,25.001665001665,28.757908757908755,100,200
2023-01-01 00:09:30+00:00,3099.4005994005997,3115.3846153846152,3246.217418944692,21.376956376956375,25.066600066600067,29.733599733599732,100,200
2023-01-01 00:09:45+00:00,3085.081585081585,3183.916083916084,3242.1911421911423,21.085581085581083,25.13153513153513,30.709290709290705,100,200
